Идентификатор канала,URL канала,Название канала
UC-3wrGRPLGVekt_M4ePbcsw,http://www.youtube.com/channel/UC-3wrGRPLGVekt_M4ePbcsw,ЗАРАЗ
UC-Osiqly2kWjXcB6ElD2iCQ,http://www.youtube.com/channel/UC-Osiqly2kWjXcB6ElD2iCQ,Дима Гордей
UC-UZpjx7fUGroVLfAIAKUYg,http://www.youtube.com/channel/UC-UZpjx7fUGroVLfAIAKUYg,Дима Евтушенко
UC08htGC03n37FZCow-p1LRg,http://www.youtube.com/channel/UC08htGC03n37FZCow-p1LRg,StandX
UC0cWWruNMb95iCBEOzPnjRA,http://www.youtube.com/channel/UC0cWWruNMb95iCBEOzPnjRA,Компот
UC1wuFkzE7FZ7CsbdatrdGBw,http://www.youtube.com/channel/UC1wuFkzE7FZ7CsbdatrdGBw,Ulugbek Samigjonov
UC24QmKMD73AwOYyCciq3pjA,http://www.youtube.com/channel/UC24QmKMD73AwOYyCciq3pjA,Respect
UC2L_FcAB0ukAnR6zWIhvAwQ,http://www.youtube.com/channel/UC2L_FcAB0ukAnR6zWIhvAwQ,BonsTV
UC2tsySbe9TNrI-xh2lximHA,http://www.youtube.com/channel/UC2tsySbe9TNrI-xh2lximHA,A4
UC2tzmw0sIR3jDzMKlPNjIWw,http://www.youtube.com/channel/UC2tzmw0sIR3jDzMKlPNjIWw,Летсплей Герасев
UC3rnlPUcER5mdyJyfK7gdtg,http://www.youtube.com/channel/UC3rnlPUcER5mdyJyfK7gdtg,Deff ser
UC4r0pOUOGAaEYF-1WJKfbww,http://www.youtube.com/channel/UC4r0pOUOGAaEYF-1WJKfbww,ALEKSEY MERCEDES
UC51mN_k5Y5icaVdKv_6tXog,http://www.youtube.com/channel/UC51mN_k5Y5icaVdKv_6tXog,ШЕГГИЧ
UC6DkN5CmU7H5fx4yGRvAgqw,http://www.youtube.com/channel/UC6DkN5CmU7H5fx4yGRvAgqw,Риколит
UC7LOjGuvK6zZuJdAehFEubg,http://www.youtube.com/channel/UC7LOjGuvK6zZuJdAehFEubg,MASKIM
UC87GG8wdW3iT-j0NZNOSfwg,http://www.youtube.com/channel/UC87GG8wdW3iT-j0NZNOSfwg,Topweb Technologies
UC8I2yszp8JtlvNhd4H6JblA,http://www.youtube.com/channel/UC8I2yszp8JtlvNhd4H6JblA,FrostDog
UC8vOqCiMelDzID3_9lcUYXg,http://www.youtube.com/channel/UC8vOqCiMelDzID3_9lcUYXg,MDMZ
UC9jfJPdMsAbof379-mGA9rQ,http://www.youtube.com/channel/UC9jfJPdMsAbof379-mGA9rQ,MAGIC FIVE GAMES
UCA9wKHuG9eC8Wbm11lFr_oA,http://www.youtube.com/channel/UCA9wKHuG9eC8Wbm11lFr_oA,И смех И грех
UCAJRjZ2xiWJd5899DJYrsMw,http://www.youtube.com/channel/UCAJRjZ2xiWJd5899DJYrsMw,Хостел
UCAoGN-RrCoLIE-tgg50t2hg,http://www.youtube.com/channel/UCAoGN-RrCoLIE-tgg50t2hg,ажор Прим
UCArESHyD45HB35sCJ9KCjJQ,http://www.youtube.com/channel/UCArESHyD45HB35sCJ9KCjJQ,ArtCool
UCAvrIl6ltV8MdJo3mV4Nl4Q,http://www.youtube.com/channel/UCAvrIl6ltV8MdJo3mV4Nl4Q,MrLololoshka (Роман Фильченков)
UCB6dvaWu0N8uVq2yKsZ5s5g,http://www.youtube.com/channel/UCB6dvaWu0N8uVq2yKsZ5s5g,SuperSimpleDev
UCBP903se6pAfQrLT-akYCkA,http://www.youtube.com/channel/UCBP903se6pAfQrLT-akYCkA,РАЙЛЮХА
UCBYvr4SqfGQd5fTmOXVQ4Zw,http://www.youtube.com/channel/UCBYvr4SqfGQd5fTmOXVQ4Zw,ГЛЕНТ
UCBviXfiXtYOzhaBO5iI65BQ,http://www.youtube.com/channel/UCBviXfiXtYOzhaBO5iI65BQ,Bubs
UCC44DfM1fipABSI2Jt6OMyw,http://www.youtube.com/channel/UCC44DfM1fipABSI2Jt6OMyw,MAGIC FIVE GAMES
UCCDAvE3etaDpifCZcCm67-A,http://www.youtube.com/channel/UCCDAvE3etaDpifCZcCm67-A,TheDarkNinja
UCCiGUQiWcz3lKev49TX8-Ew,http://www.youtube.com/channel/UCCiGUQiWcz3lKev49TX8-Ew,FixEye
UCEGKQeh-8RxkJxjQbVcDUSQ,http://www.youtube.com/channel/UCEGKQeh-8RxkJxjQbVcDUSQ,Zebra Successful
UCEGfICV92gmM5w2t3gYfQDw,http://www.youtube.com/channel/UCEGfICV92gmM5w2t3gYfQDw,Magic Five
UCISJ2ledZLmtT6Mt0-4z5Dw,http://www.youtube.com/channel/UCISJ2ledZLmtT6Mt0-4z5Dw,Rakhim
UCIWbvEaoTs8qtfVwi6BXkxQ,http://www.youtube.com/channel/UCIWbvEaoTs8qtfVwi6BXkxQ,Sodyan
UCIiaUJGWz5ZJJCY9heiN9tw,http://www.youtube.com/channel/UCIiaUJGWz5ZJJCY9heiN9tw,Третий Лишний
UCJHTQG_K8l2A2ZE4ohxcLyQ,http://www.youtube.com/channel/UCJHTQG_K8l2A2ZE4ohxcLyQ,ProTech
UCJplp5SjeGSdVdwsfb9Q7lQ,http://www.youtube.com/channel/UCJplp5SjeGSdVdwsfb9Q7lQ,Like Nastya
UCKWM3r7OpGb6WBtTTAPrgwQ,http://www.youtube.com/channel/UCKWM3r7OpGb6WBtTTAPrgwQ,Mᴀɴ O'ᴢʙᴇᴋᴍᴀɴ Tᴠ
UCKnWr-93EMo2xtIEcgHIyfw,http://www.youtube.com/channel/UCKnWr-93EMo2xtIEcgHIyfw,VR Planet - Minecraft
UCLAVIBJWb6geGRSvWsZ_ang,http://www.youtube.com/channel/UCLAVIBJWb6geGRSvWsZ_ang,Beast Reacts На Русском
UCLaqlgkDM3dkDh4WSbULMEA,http://www.youtube.com/channel/UCLaqlgkDM3dkDh4WSbULMEA,OneTwo
UCLjVmPadcJqKLiX3VCQfFwg,http://www.youtube.com/channel/UCLjVmPadcJqKLiX3VCQfFwg,МИША ВАЙС
UCM0lWLQuQhEKwq0qhdWejQA,http://www.youtube.com/channel/UCM0lWLQuQhEKwq0qhdWejQA,Lesha Maisak
UCM44x9uWlx__9M9Y2IFhxzQ,http://www.youtube.com/channel/UCM44x9uWlx__9M9Y2IFhxzQ,HiMan
UCM6hH7Xa0oanOQeh5RxeRAQ,http://www.youtube.com/channel/UCM6hH7Xa0oanOQeh5RxeRAQ,Holdik
UCMRkSRRlSFsnTy9igZOYD0g,http://www.youtube.com/channel/UCMRkSRRlSFsnTy9igZOYD0g,ЭЛЯ
UCM_rWBwgKo_eAjKjfpZUCKw,http://www.youtube.com/channel/UCM_rWBwgKo_eAjKjfpZUCKw,Unlocks Hub
UCN4zxouxCm8xt7EaVuJyW_Q,http://www.youtube.com/channel/UCN4zxouxCm8xt7EaVuJyW_Q,Ethereum (ETH)
UCNq9BbRHNP_ROZPOW_kJR1Q,http://www.youtube.com/channel/UCNq9BbRHNP_ROZPOW_kJR1Q,Респект
UCOpNcN46UbXVtpKMrmU4Abg,http://www.youtube.com/channel/UCOpNcN46UbXVtpKMrmU4Abg,Gaming
UCP-xJwnvKCGyS-nbyOx1Wmg,http://www.youtube.com/channel/UCP-xJwnvKCGyS-nbyOx1Wmg,WebDev с нуля. Канал Алекса Лущенко
UCQ18THOcZ8nIP-A3ZCqqZwA,http://www.youtube.com/channel/UCQ18THOcZ8nIP-A3ZCqqZwA,BIG GEEK
UCQv7OCkAnUBQQtcjxdIJmjg,http://www.youtube.com/channel/UCQv7OCkAnUBQQtcjxdIJmjg,Roblox man
UCQvWX73GQygcwXOTSf_VDVg,http://www.youtube.com/channel/UCQvWX73GQygcwXOTSf_VDVg,Minecraft - Topic
UCR8qqzjkpbCdY4yx8axvHYA,http://www.youtube.com/channel/UCR8qqzjkpbCdY4yx8axvHYA,TheWarpath
UCRDrJ1dHLOJ6Tnoz33B9UDg,http://www.youtube.com/channel/UCRDrJ1dHLOJ6Tnoz33B9UDg,TeM4iK
UCREHdDSW45p3RuXnd0DQchQ,http://www.youtube.com/channel/UCREHdDSW45p3RuXnd0DQchQ,"HiMan, давай поиграем !"
UCRP4EhX1Op-jL7D87PB3qhQ,http://www.youtube.com/channel/UCRP4EhX1Op-jL7D87PB3qhQ,808
UCRijo3ddMTht_IHyNSNXpNQ,http://www.youtube.com/channel/UCRijo3ddMTht_IHyNSNXpNQ,Dude Perfect
UCRrJ_HeJglLwF8nTpyzE-rw,http://www.youtube.com/channel/UCRrJ_HeJglLwF8nTpyzE-rw,Сер_Гей
UCRzZSz5JlSfN6Ba164vqVCg,http://www.youtube.com/channel/UCRzZSz5JlSfN6Ba164vqVCg,Химия – Просто
UCS87WD_iIRIUSilGeRy6SXQ,http://www.youtube.com/channel/UCS87WD_iIRIUSilGeRy6SXQ,NINJA
UCSF6ewY9LS8GnbphwvnZpUg,http://www.youtube.com/channel/UCSF6ewY9LS8GnbphwvnZpUg,It's Mamix
UCSmqZkD74x3TLt6eRM5GhTg,http://www.youtube.com/channel/UCSmqZkD74x3TLt6eRM5GhTg,Dargas
UCTIs7CucZrY0qQvEWuqoX6Q,http://www.youtube.com/channel/UCTIs7CucZrY0qQvEWuqoX6Q,Муфтият РД
UCTh5OcMLA3zquBefXrA45nw,http://www.youtube.com/channel/UCTh5OcMLA3zquBefXrA45nw,Антон ЛАВ Лазарев
UCU1Ag9C12YZFKY2HpNJr_3Q,http://www.youtube.com/channel/UCU1Ag9C12YZFKY2HpNJr_3Q,Hyra
UCUHQKxU-_DWsrwBxlKWgsew,http://www.youtube.com/channel/UCUHQKxU-_DWsrwBxlKWgsew,ЕГОРИК
UCU_yU4xGT9hrVFo6euH8LLw,http://www.youtube.com/channel/UCU_yU4xGT9hrVFo6euH8LLw,SlivkiShow
UCVJZj8fP2c139HCvNsdCuRA,http://www.youtube.com/channel/UCVJZj8fP2c139HCvNsdCuRA,A5
UCW0m-ZQqxy4DgtiEZm7ryPg,http://www.youtube.com/channel/UCW0m-ZQqxy4DgtiEZm7ryPg,KREED FAMILY
UCWMNNpm738QbRfaDKfsG7fw,http://www.youtube.com/channel/UCWMNNpm738QbRfaDKfsG7fw,Тима Мацони
UCWnqnojAgMdN0fQpr_xByJw,http://www.youtube.com/channel/UCWnqnojAgMdN0fQpr_xByJw,MORGENSHTERN
UCX6OQ3DkcsbYNE6H8uQQuVA,http://www.youtube.com/channel/UCX6OQ3DkcsbYNE6H8uQQuVA,MrBeast
UCXNUrJGI6-5hv6xcncrQq8g,http://www.youtube.com/channel/UCXNUrJGI6-5hv6xcncrQq8g,Romancev768
UCYhXOzYd6-Vf4Uq-avzxh6g,http://www.youtube.com/channel/UCYhXOzYd6-Vf4Uq-avzxh6g,ТУМКА
UCZBWWWcW_mnYvU0USQGKSmA,http://www.youtube.com/channel/UCZBWWWcW_mnYvU0USQGKSmA,Аzamat
UCZeinbsBPa37qf4HPj_w-lw,http://www.youtube.com/channel/UCZeinbsBPa37qf4HPj_w-lw,Егор Крид
UCZpG0IzQmwWQF1iSvxrC-2Q,http://www.youtube.com/channel/UCZpG0IzQmwWQF1iSvxrC-2Q,Sean King
UCaJOGSrZtnTh-2WZcWFzufQ,http://www.youtube.com/channel/UCaJOGSrZtnTh-2WZcWFzufQ,TumkaGames / Тумка :3
UCbDMaUm8uT2NNMfgHUf0M-w,http://www.youtube.com/channel/UCbDMaUm8uT2NNMfgHUf0M-w,TeM4iK
UCbK0ZAhQ3dnkFMgVZkn4QUA,http://www.youtube.com/channel/UCbK0ZAhQ3dnkFMgVZkn4QUA, Ripple Foundation
UCbh7BxJWCMnWLwJ-traa6Wg,http://www.youtube.com/channel/UCbh7BxJWCMnWLwJ-traa6Wg,DAVA
UCbpFYIJJnJ1Yh2uF8ZE3t8g,http://www.youtube.com/channel/UCbpFYIJJnJ1Yh2uF8ZE3t8g,CopyPasta
UCcBaTXXK1ZJlZzbR7Nxf2pQ,http://www.youtube.com/channel/UCcBaTXXK1ZJlZzbR7Nxf2pQ,VIP GAMER
UCcPCQljvXO5N6XC3qgMJl4A,http://www.youtube.com/channel/UCcPCQljvXO5N6XC3qgMJl4A,Play Market
UCcvSMLuj0OcAASPsTyVlzBA,http://www.youtube.com/channel/UCcvSMLuj0OcAASPsTyVlzBA,Данкар
UCe89ENVaLKNAGedKXi3kNpw,http://www.youtube.com/channel/UCe89ENVaLKNAGedKXi3kNpw,Panavto Reels
UCe9pVmC9VWLON835WSevAiQ,http://www.youtube.com/channel/UCe9pVmC9VWLON835WSevAiQ,ДЖАВИД
UCfYRQ35Km2cVozLvKCYR_Fg,http://www.youtube.com/channel/UCfYRQ35Km2cVozLvKCYR_Fg,Ноldik
UCg8ss4xW9jASrqWGP30jXiw,http://www.youtube.com/channel/UCg8ss4xW9jASrqWGP30jXiw,Владилен Минин
UCh1lXfVnw2L4w8aBHrTy4zA,http://www.youtube.com/channel/UCh1lXfVnw2L4w8aBHrTy4zA,AuRuM TV
UCh5D0pm7QxoHR5UewbOVQBA,http://www.youtube.com/channel/UCh5D0pm7QxoHR5UewbOVQBA,MOZGI
UCj5-dlnKYZ7O2HIYgP8urqw,http://www.youtube.com/channel/UCj5-dlnKYZ7O2HIYgP8urqw,AVIS TV
UCkHXBfbAIqpiRD6sHfzv6fA,http://www.youtube.com/channel/UCkHXBfbAIqpiRD6sHfzv6fA,LM Team
UCkUFua6WbuKcmMDrcxRpH7A,http://www.youtube.com/channel/UCkUFua6WbuKcmMDrcxRpH7A,Дюшес
UCls0IZ-aIFDTBBrSOPsbyng,http://www.youtube.com/channel/UCls0IZ-aIFDTBBrSOPsbyng,DONA Việt Nam
UCluBATXIP9doWvougjUVUGQ,http://www.youtube.com/channel/UCluBATXIP9doWvougjUVUGQ,MrBeast На Русском
UCmZx3uP8kvCIBMAONQiAvbw,http://www.youtube.com/channel/UCmZx3uP8kvCIBMAONQiAvbw,Анимационные сериалы
UCn-Tkh9XsSaZdipNKo13ZWA,http://www.youtube.com/channel/UCn-Tkh9XsSaZdipNKo13ZWA,Brawl Stars - Topic
UCnvziEmoKHOi4X9um0ydKBg,http://www.youtube.com/channel/UCnvziEmoKHOi4X9um0ydKBg,TheVovkaCom
UCocemgp-kMkgdECI1yAhbTA,http://www.youtube.com/channel/UCocemgp-kMkgdECI1yAhbTA,It's Experimentators
UCooVYzDxdwTtGYAkcPmOgOw,http://www.youtube.com/channel/UCooVYzDxdwTtGYAkcPmOgOw,Brawl Stars
UCoyG5Z0m_7RIEUOezk2JhlA,http://www.youtube.com/channel/UCoyG5Z0m_7RIEUOezk2JhlA,Бустер Играет
UCpFJWSlmXbQVgti5s49PkSg,http://www.youtube.com/channel/UCpFJWSlmXbQVgti5s49PkSg,Robzi
UCq8DICunczvLuJJq414110A,http://www.youtube.com/channel/UCq8DICunczvLuJJq414110A,Zach King
UCr5o-O2LPyxVb08MDjI53-Q,http://www.youtube.com/channel/UCr5o-O2LPyxVb08MDjI53-Q,GERASEV
UCrcweont1enc0tC0glD5l1w,http://www.youtube.com/channel/UCrcweont1enc0tC0glD5l1w,Thebox - о технике и гаджетах
UCrovV-U03gP-Prkn6HGRIjg,http://www.youtube.com/channel/UCrovV-U03gP-Prkn6HGRIjg,Топовский
UCrpt82vHWIWZSHtNQxncPrg,http://www.youtube.com/channel/UCrpt82vHWIWZSHtNQxncPrg,EdisonPts
UCsOMmOFBjR8I05CFZ64JyBA,http://www.youtube.com/channel/UCsOMmOFBjR8I05CFZ64JyBA,Пирожок с Ничем
UCsdBRmQGdqHW9jR-TXXQ2xw,http://www.youtube.com/channel/UCsdBRmQGdqHW9jR-TXXQ2xw,Sebastian Super Safecracker
UCsqvKSUCfliOIG4QMjdg8pA,http://www.youtube.com/channel/UCsqvKSUCfliOIG4QMjdg8pA,Имморталиус
UCt7sv-NKh44rHAEb-qCCxvA,http://www.youtube.com/channel/UCt7sv-NKh44rHAEb-qCCxvA,Wylsacom
UCtB_aACPCviwLVW2VFHTRVQ,http://www.youtube.com/channel/UCtB_aACPCviwLVW2VFHTRVQ,Photoshop Tutorials by Webflippy
UCtNX4bdqJqsaCyJMJvzq-Fw,http://www.youtube.com/channel/UCtNX4bdqJqsaCyJMJvzq-Fw,Brawl Stars MMA
UCuVpbMt4yu4I9eAey3khnGg,http://www.youtube.com/channel/UCuVpbMt4yu4I9eAey3khnGg,AdMe
UCuZeiI5pdpgqDojXZujoYgg,http://www.youtube.com/channel/UCuZeiI5pdpgqDojXZujoYgg,Поззи
UCumRscO7uQ_CzmaEiR4vGxw,http://www.youtube.com/channel/UCumRscO7uQ_CzmaEiR4vGxw,VROCKO
UCuw1YgMJO07vY24o0zfGJ_A,http://www.youtube.com/channel/UCuw1YgMJO07vY24o0zfGJ_A,Yasmin Verissimo
UCv7Zff-RjwiRPlvn8g5fMog,http://www.youtube.com/channel/UCv7Zff-RjwiRPlvn8g5fMog,ПУШЕР
UCvDFat5rvAEBDzfa79w_arw,http://www.youtube.com/channel/UCvDFat5rvAEBDzfa79w_arw,lifexgames
UCvcY2Bxk6_DU0WfwwCROBsQ,http://www.youtube.com/channel/UCvcY2Bxk6_DU0WfwwCROBsQ,Пиксель
UCve3ohcLCBO5uFoQcFGZMPQ,http://www.youtube.com/channel/UCve3ohcLCBO5uFoQcFGZMPQ,Бустер
UCvo4dSGxJ3r0ZL6NQJIuG5Q,http://www.youtube.com/channel/UCvo4dSGxJ3r0ZL6NQJIuG5Q,tophype
UCwCJbD-bLZ316-Jxi6veshQ,http://www.youtube.com/channel/UCwCJbD-bLZ316-Jxi6veshQ,Всё о Смартфонах
UCwLt9iCxM856j1PRuinNGKg,http://www.youtube.com/channel/UCwLt9iCxM856j1PRuinNGKg,СКВАД
UCxm5_Y8j9Bn7LxrSHMMJ0Pw,http://www.youtube.com/channel/UCxm5_Y8j9Bn7LxrSHMMJ0Pw,Аришнев
UCy6p8krDY33mDRMt19YrlXg,http://www.youtube.com/channel/UCy6p8krDY33mDRMt19YrlXg,ЛИТВИН
UCz3k3iCV4zH4kpcJRDR1RdQ,http://www.youtube.com/channel/UCz3k3iCV4zH4kpcJRDR1RdQ,Texnoplov
UCzDPCRJHfPusmXd6zl8bE7w,http://www.youtube.com/channel/UCzDPCRJHfPusmXd6zl8bE7w,Cryptical Coder

